--POPOLAMENTO
--TURNO PROGRAMMATO
INSERT INTO TURNO_PROGRAMMATO VALUES(TO_DATE('18-05-2022 8:00','DD-MM-YYYY HH24:MI'),TO_DATE('18-05-2022 13:00','DD-MM-YYYY HH24:MI'),TO_DATE('18-05-2022 8:10','DD-MM-YYYY HH24:MI'));
INSERT INTO TURNO_PROGRAMMATO VALUES(TO_DATE('18-05-2022 14:00','DD-MM-YYYY HH24:MI'),TO_DATE('18-05-2022 20:00','DD-MM-YYYY HH24:MI'),TO_DATE('18-05-2022 14:10','DD-MM-YYYY HH24:MI'));
INSERT INTO TURNO_PROGRAMMATO VALUES(TO_DATE('19-05-2022 8:00','DD-MM-YYYY HH24:MI'),TO_DATE('19-05-2022 13:00','DD-MM-YYYY HH24:MI'),TO_DATE('19-05-2022 8:20','DD-MM-YYYY HH24:MI'));
INSERT INTO TURNO_PROGRAMMATO VALUES(TO_DATE('19-05-2022 14:00','DD-MM-YYYY HH24:MI'),TO_DATE('19-05-2022 20:00','DD-MM-YYYY HH24:MI'),TO_DATE('19-05-2022 14:05','DD-MM-YYYY HH24:MI'));
INSERT INTO TURNO_PROGRAMMATO VALUES(TO_DATE('20-05-2022 8:00','DD-MM-YYYY HH24:MI'),TO_DATE('20-05-2022 13:00','DD-MM-YYYY HH24:MI'),TO_DATE('20-05-2022 8:13','DD-MM-YYYY HH24:MI'));
INSERT INTO TURNO_PROGRAMMATO VALUES(TO_DATE('20-05-2022 14:00','DD-MM-YYYY HH24:MI'),TO_DATE('20-05-2022 20:00','DD-MM-YYYY HH24:MI'),TO_DATE('20-05-2022 14:07','DD-MM-YYYY HH24:MI'));
INSERT INTO TURNO_PROGRAMMATO VALUES(TO_DATE('21-05-2022 8:00','DD-MM-YYYY HH24:MI'),TO_DATE('21-05-2022 13:00','DD-MM-YYYY HH24:MI'),TO_DATE('21-05-2022 8:02','DD-MM-YYYY HH24:MI'));
INSERT INTO TURNO_PROGRAMMATO VALUES(TO_DATE('21-05-2022 14:00','DD-MM-YYYY HH24:MI'),TO_DATE('21-05-2022 20:00','DD-MM-YYYY HH24:MI'),TO_DATE('21-05-2022 14:30','DD-MM-YYYY HH24:MI'));
INSERT INTO TURNO_PROGRAMMATO VALUES(TO_DATE('22-05-2022 8:00','DD-MM-YYYY HH24:MI'),TO_DATE('22-05-2022 13:00','DD-MM-YYYY HH24:MI'),TO_DATE('22-05-2022 8:04','DD-MM-YYYY HH24:MI'));
INSERT INTO TURNO_PROGRAMMATO VALUES(TO_DATE('22-05-2022 14:00','DD-MM-YYYY HH24:MI'),TO_DATE('22-05-2022 20:00','DD-MM-YYYY HH24:MI'),TO_DATE('22-05-2022 14:08','DD-MM-YYYY HH24:MI'));

-- TURNO EFFETTUATO
INSERT INTO TURNO_EFFETTUATO VALUES(TO_DATE('18-05-2022 8:10','DD-MM-YYYY HH24:MI'),TO_DATE('18-05-2022 12:55','DD-MM-YYYY HH24:MI'),'745');
INSERT INTO TURNO_EFFETTUATO VALUES(TO_DATE('18-05-2022 14:10','DD-MM-YYYY HH24:MI'),TO_DATE('18-05-2022 20:00','DD-MM-YYYY HH24:MI'),'754');
INSERT INTO TURNO_EFFETTUATO VALUES(TO_DATE('19-05-2022 8:20','DD-MM-YYYY HH24:MI'),TO_DATE('19-05-2022 13:00','DD-MM-YYYY HH24:MI'),'123');
INSERT INTO TURNO_EFFETTUATO VALUES(TO_DATE('19-05-2022 14:05','DD-MM-YYYY HH24:MI'),TO_DATE('19-05-2022 19:40','DD-MM-YYYY HH24:MI'),'321');
INSERT INTO TURNO_EFFETTUATO VALUES(TO_DATE('20-05-2022 8:13','DD-MM-YYYY HH24:MI'),TO_DATE('20-05-2022 12:55','DD-MM-YYYY HH24:MI'),'156');
INSERT INTO TURNO_EFFETTUATO VALUES(TO_DATE('20-05-2022 14:07','DD-MM-YYYY HH24:MI'),TO_DATE('20-05-2022 19:43','DD-MM-YYYY HH24:MI'),'257');
INSERT INTO TURNO_EFFETTUATO VALUES(TO_DATE('21-05-2022 8:02','DD-MM-YYYY HH24:MI'),TO_DATE('21-05-2022 12:50','DD-MM-YYYY HH24:MI'),'357');
INSERT INTO TURNO_EFFETTUATO VALUES(TO_DATE('21-05-2022 14:30','DD-MM-YYYY HH24:MI'),TO_DATE('21-05-2022 20:00','DD-MM-YYYY HH24:MI'),'259');
INSERT INTO TURNO_EFFETTUATO VALUES(TO_DATE('22-05-2022 8:04','DD-MM-YYYY HH24:MI'),TO_DATE('22-05-2022 12:48','DD-MM-YYYY HH24:MI'),'741');
INSERT INTO TURNO_EFFETTUATO VALUES(TO_DATE('22-05-2022 14:08','DD-MM-YYYY HH24:MI'),TO_DATE('22-05-2022 19:34','DD-MM-YYYY HH24:MI'),'654');

-- PERSONALE
INSERT INTO PERSONALE VALUES ('745','Luca','Conte','Magazziniere');
INSERT INTO PERSONALE VALUES ('754','Andrea','Mazza','Scaffalista');
INSERT INTO PERSONALE VALUES ('123','Angelo','Farina','Magazziniere');
INSERT INTO PERSONALE VALUES ('321','Vincenzo','Lupino','Cassiere');
INSERT INTO PERSONALE VALUES ('156','Luisa','Marino','Scaffalista');
INSERT INTO PERSONALE VALUES ('257','Angela','Fontana','Scaffalista');
INSERT INTO PERSONALE VALUES ('357','Maurizio','Ferrari','Cassiere');
INSERT INTO PERSONALE VALUES ('259','Antonio','Russo','Magazziniere');
INSERT INTO PERSONALE VALUES ('741','Antonella','Costa','Magazziniere');
INSERT INTO PERSONALE VALUES ('654','Angelo','Gallo','Scaffalista');

-- STIPENDIO
INSERT INTO STIPENDIO VALUES ('14242',TO_DATE('13-06-2022','DD-MM-YYYY--'),'1200','745');
INSERT INTO STIPENDIO VALUES ('15912',TO_DATE('13-06-2022','DD-MM-YYYY--'),'1300','754');
INSERT INTO STIPENDIO VALUES ('45647',TO_DATE('13-06-2022','DD-MM-YYYY--'),'1200','123');
INSERT INTO STIPENDIO VALUES ('32416',TO_DATE('13-06-2022','DD-MM-YYYY--'),'1100','321');
INSERT INTO STIPENDIO VALUES ('12743',TO_DATE('13-06-2022','DD-MM-YYYY--'),'1300','156');
INSERT INTO STIPENDIO VALUES ('74325',TO_DATE('13-06-2022','DD-MM-YYYY--'),'1300','257');
INSERT INTO STIPENDIO VALUES ('46211',TO_DATE('13-06-2022','DD-MM-YYYY--'),'1100','357');
INSERT INTO STIPENDIO VALUES ('01125',TO_DATE('13-06-2022','DD-MM-YYYY--'),'1200','259');
INSERT INTO STIPENDIO VALUES ('23654',TO_DATE('15-06-2022','DD-MM-YYYY--'),'1200','741');
INSERT INTO STIPENDIO VALUES ('12465',TO_DATE('15-06-2022','DD-MM-YYYY--'),'1300','654');

-- EVENTO
INSERT INTO EVENTO VALUES ('1',TO_DATE('01-06-2022','DD-MM-YYYY--'),'10 giorni','Firmacopie','75','745');
INSERT INTO EVENTO VALUES ('2',TO_DATE('11-06-2022','DD-MM-YYYY--'),'10 giorni','Presentazione','75','754');
INSERT INTO EVENTO VALUES ('3',TO_DATE('21-06-2022','DD-MM-YYYY--'),'7 giorni','Firmacopie','75','123');
INSERT INTO EVENTO VALUES ('4',TO_DATE('29-06-2022','DD-MM-YYYY--'),'7 giorni','Firmacopie','75','321');
INSERT INTO EVENTO VALUES ('5',TO_DATE('01-05-2022','DD-MM-YYYY--'),'7 giorni','Presentazione','75','156');
INSERT INTO EVENTO VALUES ('6',TO_DATE('08-05-2022','DD-MM-YYYY--'),'10 giorni','Firmacopie','75','257');
INSERT INTO EVENTO VALUES ('7',TO_DATE('15-05-2022','DD-MM-YYYY--'),'15 giorni','Presentazione','75','357');
INSERT INTO EVENTO VALUES ('8',TO_DATE('15-05-2022','DD-MM-YYYY--'),'7 giorni','Firmacopie','75','259');
INSERT INTO EVENTO VALUES ('9',TO_DATE('15-05-2022','DD-MM-YYYY--'),'15 giorni','Presentazione','75','741');
INSERT INTO EVENTO VALUES ('10',TO_DATE('1-07-2022','DD-MM-YYYY--'),'10 giorni','Firmacopie','75','654');
INSERT INTO EVENTO VALUES ('11',TO_DATE('5-07-2022','DD-MM-YYYY--'),'15 giorni','Presentazione','75','745');
INSERT INTO EVENTO VALUES ('12',TO_DATE('15-07-2022','DD-MM-YYYY--'),'15 giorni','Presentazione','75','357');
INSERT INTO EVENTO VALUES ('13',TO_DATE('30-07-2022','DD-MM-YYYY--'),'10 giorni','Presentazione','75','259');
INSERT INTO EVENTO VALUES ('14',TO_DATE('5-08-2022','DD-MM-YYYY--'),'7 giorni','Firmacopie','75','741');
INSERT INTO EVENTO VALUES ('15',TO_DATE('15-08-2022','DD-MM-YYYY--'),'10 giorni','Firmacopie','75','321');

-- CLIENTE
INSERT INTO CLIENTE VALUES ('FNZLGU38M10M289U','Luigi','Finizio',TO_DATE('10-07-2001','DD-MM-YYYY--'),'3214265484','Via Brombeis','Napoli','80147','2465');
INSERT INTO CLIENTE VALUES ('CTNLCU38M10E054E','Luca','Cantone',TO_DATE('30-03-2000','DD-MM-YYYY--'),'3336580264','Via Manzoni','Napoli','80147','6485');
INSERT INTO CLIENTE VALUES ('MRRMHL00C30F839L','Michele','Morrone',TO_DATE('1-01-1999','DD-MM-YYYY--'),'3342468921','Via Arpino','Casoria','80026','6247');
INSERT INTO CLIENTE VALUES ('DLCLCU03H48F839V','Lucia','De Lucia',TO_DATE('8-06-2003','DD-MM-YYYY--'),'3386542165','Via Angelis','Napoli','80147.','8899');
INSERT INTO CLIENTE VALUES ('DNTNDR95E05F839L','Andrea','Di Natale',TO_DATE('5-05-1995','DD-MM-YYYY--'),'3396541257','Via Borgo Caputo','Caserta','80250','5641');
INSERT INTO CLIENTE VALUES ('DNGGTN00D17F839M','Gaetano','D angelo',TO_DATE('17-04-2000','DD-MM-YYYY--'),'3341256871','Via Caldieri','Napoli','80147','2678');
INSERT INTO CLIENTE VALUES ('CPPLGU02P18F839N','Luigi','Coppola',TO_DATE('18-09-2002','DD-MM-YYYY--'),'331256987','Via dei mille','Napoli','80147','2534');
INSERT INTO CLIENTE VALUES ('CLNMRC01P11F839I','Marco','Calone',TO_DATE('11-09-2001','DD-MM-YYYY--'),'3324268754','Via scarlatti','Napoli','80147','3495');
INSERT INTO CLIENTE VALUES ('DRZNGL01P51F839O','Angela','Durazzi',TO_DATE('24-12-1999','DD-MM-YYYY--'),'3335456495','Via monteoliveto','Napoli','80147','6329');
INSERT INTO CLIENTE VALUES ('NRDNNA04S56F839G','Anna','Nardone',TO_DATE('16-11-2004','DD-MM-YYYY--'),'3349575624','Via foria','Napoli','80147','5654');
INSERT INTO CLIENTE VALUES ('NRDMRZ02M07F839T','Maurizio','Nardi',TO_DATE('7-08-2002','DD-MM-YYYY--'),'3337652459','Via Benevento','Casalnuovo','80038','1264');
INSERT INTO CLIENTE VALUES ('RSSRLA93H15F839G','Aurelio','Rossi',TO_DATE('15-06-1993','DD-MM-YYYY--'),'3388897445','Via bellini','Casoria','80026','2185');
INSERT INTO CLIENTE VALUES ('BNCLSS97C08F839D','Alessio','Bianchi',TO_DATE('8-03-1997','DD-MM-YYYY--'),'3665481549','Via viareggio','Arzano','80034','3694');
INSERT INTO CLIENTE VALUES ('VRDLSU03A42F839J','Luisa','Verdi',TO_DATE('2-01-2003','DD-MM-YYYY--'),'3354241697','Via chiaia','Napoli','80147','3465');
INSERT INTO CLIENTE VALUES ('PNAFDN04D09F839T','Ferdinando','Paone',TO_DATE('9-04-2004','DD-MM-YYYY--'),'3313376514','Via partenope','Napoli','80147','5642');

-- ABBONAMENTO
INSERT INTO ABBONAMENTO VALUES ('2465','6','Annuale','5','');
INSERT INTO ABBONAMENTO VALUES ('6485','6','Annuale','5','');
INSERT INTO ABBONAMENTO VALUES ('6247','6','Annuale','5','');
INSERT INTO ABBONAMENTO VALUES ('8899','2','Mensile','5','');
INSERT INTO ABBONAMENTO VALUES ('5641','6','Annuale','5','');
INSERT INTO ABBONAMENTO VALUES ('2678','4','Trimestrale','5','');
INSERT INTO ABBONAMENTO VALUES ('2534','6','Annuale','5','');
INSERT INTO ABBONAMENTO VALUES ('3495','2','Mensile','5','');
INSERT INTO ABBONAMENTO VALUES ('6329','6','Annuale','5','');
INSERT INTO ABBONAMENTO VALUES ('5654','6','Annuale','5','');
INSERT INTO ABBONAMENTO VALUES ('1264','2','Mensile','5','');
INSERT INTO ABBONAMENTO VALUES ('2185','6','Annuale','5','');
INSERT INTO ABBONAMENTO VALUES ('3694','4','Trimestrale','5','');
INSERT INTO ABBONAMENTO VALUES ('3465','6','Annuale','5','');
INSERT INTO ABBONAMENTO VALUES ('5642','2','Mensile','5','');


-- FUMETTO
INSERT INTO FUMETTO VALUES ('978-7-5706-6410-8','Dragon Ball','shonen','7','1','0030');
INSERT INTO FUMETTO VALUES ('978-5-8372-5781-0','One Piece','shonen','5','2','0030');
INSERT INTO FUMETTO VALUES ('978-3-7224-3230-4','Tokyo ghoul','shonen','5','3','2530');
INSERT INTO FUMETTO VALUES ('978-6-1127-8750-3','Chainsaw Man','shonen','5','4','1120');
INSERT INTO FUMETTO VALUES ('978-0-4038-5065-5','Pokemon','Kodomo','4','5','2530');
INSERT INTO FUMETTO VALUES ('978-0-4995-5693-6','Attack on titan','shonen','6','6','1120');
INSERT INTO FUMETTO VALUES ('978-6-4369-5128-4','Naruto','shonen','5','7','1154');
INSERT INTO FUMETTO VALUES ('978-1-8428-9495-8','Bleach','shonen','5','8','1154');
INSERT INTO FUMETTO VALUES ('978-8-0092-9106-3','Jujutsu Kaisen','shonen','4.50','9','1154');
INSERT INTO FUMETTO VALUES ('978-3-6841-0819-4','Tokyo Revengers','shonen','5','10','2530');
INSERT INTO FUMETTO VALUES ('978-3-0243-2220-4','Hunter x Hunter','seinen','8','11','1154');
INSERT INTO FUMETTO VALUES ('978-0-8902-8032-4','Demon Slayer','shonen','5','12','0030');
INSERT INTO FUMETTO VALUES ('978-1-8446-4545-9','Banana Fish','josei','9','13','1154');
INSERT INTO FUMETTO VALUES ('978-4-1594-9625-9','Calata Capodichino','Fumetto','4','14','3322');
INSERT INTO FUMETTO VALUES ('978-3-5496-9976-8','Fairy Tail','shonen','5','15','0030');

-- MAGAZZINO
INSERT INTO MAGAZZINO VALUES ('1','shonen','1');
INSERT INTO MAGAZZINO VALUES ('2','shonen','1');
INSERT INTO MAGAZZINO VALUES ('3','shonen','1');
INSERT INTO MAGAZZINO VALUES ('4','shonen','1');
INSERT INTO MAGAZZINO VALUES ('5','Kodomo','1');
INSERT INTO MAGAZZINO VALUES ('6','shonen','2');
INSERT INTO MAGAZZINO VALUES ('7','shonen','2');
INSERT INTO MAGAZZINO VALUES ('8','shonen','2');
INSERT INTO MAGAZZINO VALUES ('9','shonen','2');
INSERT INTO MAGAZZINO VALUES ('10','shonen','2');
INSERT INTO MAGAZZINO VALUES ('11','seinen','3');
INSERT INTO MAGAZZINO VALUES ('12','shonen','3');
INSERT INTO MAGAZZINO VALUES ('13','josei','3');
INSERT INTO MAGAZZINO VALUES ('14','fumetto','3');
INSERT INTO MAGAZZINO VALUES ('15','shonen','3');

-- CASA EDITRICE
INSERT INTO CASA_EDITRICE VALUES ('0030','StarComics','Perugia');
INSERT INTO CASA_EDITRICE VALUES ('1120','PlanetManga','Modena');
INSERT INTO CASA_EDITRICE VALUES ('2530','J-Pop','Milano');
INSERT INTO CASA_EDITRICE VALUES ('1154','Panini','Perugia');
INSERT INTO CASA_EDITRICE VALUES ('3322','Shockdom','Perugia');

-- FORNITORE
INSERT INTO FORNITORE VALUES ('48887547306','MangaShop');
INSERT INTO FORNITORE VALUES ('65408950756','Manicomix');
INSERT INTO FORNITORE VALUES ('65408950756','StarStore');
INSERT INTO FORNITORE VALUES ('17433003880','AnkorStore');
INSERT INTO FORNITORE VALUES ('35144637066','ComicsGroup');
INSERT INTO FORNITORE VALUES ('18450935494','SoloStocks');

-- FORNITURA
INSERT INTO FORNITURA VALUES ('26269',TO_DATE('1-06-2022','DD-MM-YYYY'),TO_DATE('08-06-2022','DD-MM-YYYY'));
INSERT INTO FORNITURA VALUES ('46059',TO_DATE('1-06-2022','DD-MM-YYYY'),TO_DATE('08-06-2022','DD-MM-YYYY'));
INSERT INTO FORNITURA VALUES ('37105',TO_DATE('1-06-2022','DD-MM-YYYY'),TO_DATE('10-06-2022','DD-MM-YYYY'));
INSERT INTO FORNITURA VALUES ('73837',TO_DATE('15-06-2022','DD-MM-YYYY'),TO_DATE('24-06-2022','DD-MM-YYYY'));
INSERT INTO FORNITURA VALUES ('94592',TO_DATE('2-07-2022','DD-MM-YYYY'),TO_DATE('9-07-2022','DD-MM-YYYY'));
INSERT INTO FORNITURA VALUES ('39134',TO_DATE('2-07-2022','DD-MM-YYYY'),TO_DATE('8-07-2022','DD-MM-YYYY'));
INSERT INTO FORNITURA VALUES ('49965',TO_DATE('20-07-2022','DD-MM-YYYY'),TO_DATE('27-07-2022','DD-MM-YYYY'));
INSERT INTO FORNITURA VALUES ('33397',TO_DATE('20-07-2022','DD-MM-YYYY'),TO_DATE('28-07-2022','DD-MM-YYYY'));
INSERT INTO FORNITURA VALUES ('28922',TO_DATE('10-09-2022','DD-MM-YYYY'),TO_DATE('16-09-2022','DD-MM-YYYY'));
INSERT INTO FORNITURA VALUES ('56589',TO_DATE('10-09-2022','DD-MM-YYYY'),TO_DATE('19-09-2022','DD-MM-YYYY'));
INSERT INTO FORNITURA VALUES ('77099',TO_DATE('16-09-2022','DD-MM-YYYY'),TO_DATE('26-09-2022','DD-MM-YYYY'));
INSERT INTO FORNITURA VALUES ('43988',TO_DATE('16-09-2022','DD-MM-YYYY'),TO_DATE('24-09-2022','DD-MM-YYYY'));
INSERT INTO FORNITURA VALUES ('90342',TO_DATE('18-09-2022','DD-MM-YYYY'),TO_DATE('22-09-2022','DD-MM-YYYY'));
INSERT INTO FORNITURA VALUES ('88933',TO_DATE('1-10-2022','DD-MM-YYYY'),TO_DATE('8-10-2022','DD-MM-YYYY'));
INSERT INTO FORNITURA VALUES ('51828',TO_DATE('1-10-2022','DD-MM-YYYY'),TO_DATE('8-10-2022','DD-MM-YYYY'));
-----------------------------------------------------------------
-- TABELLE TRANSIZIONE

-- SI ISCRIVE
INSERT INTO SI_ISCRIVE VALUES ('FNZLGU38M10M289U','1',TO_DATE('30-05-2022','DD-MM-YYYY'));
INSERT INTO SI_ISCRIVE VALUES ('CTNLCU38M10E054E','2',TO_DATE('1-06-2022','DD-MM-YYYY'));
INSERT INTO SI_ISCRIVE VALUES ('MRRMHL00C30F839L','3',TO_DATE('10-06-2022','DD-MM-YYYY'));
INSERT INTO SI_ISCRIVE VALUES ('DLCLCU03H48F839V','4',TO_DATE('20-06-2022','DD-MM-YYYY'));
INSERT INTO SI_ISCRIVE VALUES ('DNTNDR95E05F839L','5',TO_DATE('28-04-2022','DD-MM-YYYY'));
INSERT INTO SI_ISCRIVE VALUES ('DNGGTN00D17F839M','6',TO_DATE('30-04-2022','DD-MM-YYYY'));
INSERT INTO SI_ISCRIVE VALUES ('CPPLGU02P18F839N','7',TO_DATE('10-05-2022','DD-MM-YYYY'));
INSERT INTO SI_ISCRIVE VALUES ('CLNMRC01P11F839I','8',TO_DATE('09-05-2022','DD-MM-YYYY'));
INSERT INTO SI_ISCRIVE VALUES ('DRZNGL01P51F839O','9',TO_DATE('04-05-2022','DD-MM-YYYY'));
INSERT INTO SI_ISCRIVE VALUES ('NRDNNA04S56F839G','10',TO_DATE('30-06-2022','DD-MM-YYYY'));
INSERT INTO SI_ISCRIVE VALUES ('NRDMRZ02M07F839T','11',TO_DATE('29-06-2022','DD-MM-YYYY'));
INSERT INTO SI_ISCRIVE VALUES ('RSSRLA93H15F839G','12',TO_DATE('24-06-2022','DD-MM-YYYY'));
INSERT INTO SI_ISCRIVE VALUES ('BNCLSS97C08F839D','13',TO_DATE('10-07-2022','DD-MM-YYYY'));
INSERT INTO SI_ISCRIVE VALUES ('VRDLSU03A42F839J','14',TO_DATE('27-07-2022','DD-MM-YYYY'));
INSERT INTO SI_ISCRIVE VALUES ('PNAFDN04D09F839T','15',TO_DATE('1-08-2022','DD-MM-YYYY'));

-- ACQUISTA
INSERT INTO ACQUISTA VALUES ('FNZLGU38M10M289U','978-7-5706-6410-8',TO_DATE('15-05-2022','DD-MM-YYYY--'));
INSERT INTO ACQUISTA VALUES ('CTNLCU38M10E054E','978-5-8372-5781-0',TO_DATE('17-05-2022','DD-MM-YYYY--'));
INSERT INTO ACQUISTA VALUES ('MRRMHL00C30F839L','978-3-7224-3230-4',TO_DATE('17-05-2022','DD-MM-YYYY--'));
INSERT INTO ACQUISTA VALUES ('DLCLCU03H48F839V','978-6-1127-8750-3',TO_DATE('10-05-2022','DD-MM-YYYY--'));
INSERT INTO ACQUISTA VALUES ('DNTNDR95E05F839L','978-0-4038-5065-5',TO_DATE('16-06-2022','DD-MM-YYYY--'));
INSERT INTO ACQUISTA VALUES ('DNGGTN00D17F839M','978-0-4995-5693-6',TO_DATE('17-06-2022','DD-MM-YYYY--'));
INSERT INTO ACQUISTA VALUES ('CPPLGU02P18F839N','978-6-4369-5128-4',TO_DATE('10-06-2022','DD-MM-YYYY--'));
INSERT INTO ACQUISTA VALUES ('CLNMRC01P11F839I','978-1-8428-9495-8',TO_DATE('5-06-2022','DD-MM-YYYY--'));
INSERT INTO ACQUISTA VALUES ('DRZNGL01P51F839O','978-8-0092-9106-3',TO_DATE('16-07-2022','DD-MM-YYYY--'));
INSERT INTO ACQUISTA VALUES ('NRDNNA04S56F839G','978-3-6841-0819-4',TO_DATE('9-06-2022','DD-MM-YYYY--'));
INSERT INTO ACQUISTA VALUES ('NRDMRZ02M07F839T','978-3-0243-2220-4',TO_DATE('10-04-2022','DD-MM-YYYY--'));
INSERT INTO ACQUISTA VALUES ('RSSRLA93H15F839G','978-0-8902-8032-4',TO_DATE('6-08-2022','DD-MM-YYYY--'));
INSERT INTO ACQUISTA VALUES ('BNCLSS97C08F839D','978-1-8446-4545-9',TO_DATE('10-05-2022','DD-MM-YYYY--'));
INSERT INTO ACQUISTA VALUES ('VRDLSU03A42F839J','978-4-1594-9625-9',TO_DATE('12-05-2022','DD-MM-YYYY--'));
INSERT INTO ACQUISTA VALUES ('PNAFDN04D09F839T','978-3-5496-9976-8',TO_DATE('2-06-2022','DD-MM-YYYY--'));

-- PRENOTA
INSERT INTO PRENOTA VALUES ('FNZLGU38M10M289U','978-7-5706-6410-8',TO_DATE('15-05-2022','DD-MM-YYYY--'));
INSERT INTO PRENOTA VALUES ('CTNLCU38M10E054E','978-5-8372-5781-0',TO_DATE('14-05-2022','DD-MM-YYYY--'));
INSERT INTO PRENOTA VALUES ('MRRMHL00C30F839L','978-3-7224-3230-4',TO_DATE('19-05-2022','DD-MM-YYYY--'));
INSERT INTO PRENOTA VALUES ('DLCLCU03H48F839V','978-6-1127-8750-3',TO_DATE('29-05-2022','DD-MM-YYYY--'));
INSERT INTO PRENOTA VALUES ('DNTNDR95E05F839L','978-0-4038-5065-5',TO_DATE('3-05-2022','DD-MM-YYYY--'));
INSERT INTO PRENOTA VALUES ('DNGGTN00D17F839M','978-0-4995-5693-6',TO_DATE('4-06-2022','DD-MM-YYYY--'));
INSERT INTO PRENOTA VALUES ('CPPLGU02P18F839N','978-6-4369-5128-4',TO_DATE('8-06-2022','DD-MM-YYYY--'));
INSERT INTO PRENOTA VALUES ('CLNMRC01P11F839I','978-1-8428-9495-8',TO_DATE('30-06-2022','DD-MM-YYYY--'));
INSERT INTO PRENOTA VALUES ('DRZNGL01P51F839O','978-8-0092-9106-3',TO_DATE('1-06-2022','DD-MM-YYYY--'));
INSERT INTO PRENOTA VALUES ('NRDNNA04S56F839G','978-3-6841-0819-4',TO_DATE('6-06-2022','DD-MM-YYYY--'));
INSERT INTO PRENOTA VALUES ('NRDMRZ02M07F839T','978-3-0243-2220-4',TO_DATE('1-07-2022','DD-MM-YYYY--'));
INSERT INTO PRENOTA VALUES ('RSSRLA93H15F839G','978-0-8902-8032-4',TO_DATE('10-07-2022','DD-MM-YYYY--'));
INSERT INTO PRENOTA VALUES ('BNCLSS97C08F839D','978-1-8446-4545-9',TO_DATE('4-07-2022','DD-MM-YYYY--'));
INSERT INTO PRENOTA VALUES ('VRDLSU03A42F839J','978-4-1594-9625-9',TO_DATE('14-08-2022','DD-MM-YYYY--'));
INSERT INTO PRENOTA VALUES ('PNAFDN04D09F839T','978-3-5496-9976-8',TO_DATE('1-08-2022','DD-MM-YYYY--'));

-- FORNISCE
INSERT INTO FORNISCE VALUES ('26269','978-7-5706-6410-8');
INSERT INTO FORNISCE VALUES ('46059','978-5-8372-5781-0');
INSERT INTO FORNISCE VALUES ('37105','978-3-7224-3230-4');
INSERT INTO FORNISCE VALUES ('73837','978-6-1127-8750-3');
INSERT INTO FORNISCE VALUES ('94592','978-0-4038-5065-5');
INSERT INTO FORNISCE VALUES ('39134','978-0-4995-5693-6');
INSERT INTO FORNISCE VALUES ('49965','978-6-4369-5128-4');
INSERT INTO FORNISCE VALUES ('33397','978-1-8428-9495-8');
INSERT INTO FORNISCE VALUES ('28922','978-8-0092-9106-3');
INSERT INTO FORNISCE VALUES ('56589','978-3-6841-0819-4');
INSERT INTO FORNISCE VALUES ('77099','978-3-0243-2220-4');
INSERT INTO FORNISCE VALUES ('43988','978-0-8902-8032-4');
INSERT INTO FORNISCE VALUES ('90342','978-1-8446-4545-9');
INSERT INTO FORNISCE VALUES ('88933','978-4-1594-9625-9');
INSERT INTO FORNISCE VALUES ('51828','978-3-5496-9976-8');

--SPEDISCE
INSERT INTO SPEDISCE VALUES ('26269','48887547306');
INSERT INTO SPEDISCE VALUES ('46059','65408950756');
INSERT INTO SPEDISCE VALUES ('37105','48887547306');
INSERT INTO SPEDISCE VALUES ('73837','65408950756');
INSERT INTO SPEDISCE VALUES ('94592','48887547306');
INSERT INTO SPEDISCE VALUES ('39134','65408950756');
INSERT INTO SPEDISCE VALUES ('49965','48887547306');
INSERT INTO SPEDISCE VALUES ('33397','65408950756');
INSERT INTO SPEDISCE VALUES ('28922','35144637066');
INSERT INTO SPEDISCE VALUES ('56589','65408950756');
INSERT INTO SPEDISCE VALUES ('77099','35144637066');
INSERT INTO SPEDISCE VALUES ('43988','18450935494');
INSERT INTO SPEDISCE VALUES ('90342','18450935494');
INSERT INTO SPEDISCE VALUES ('88933','17433003880');
INSERT INTO SPEDISCE VALUES ('51828','17433003880');
